0.9033042963,-0.0635823024,-0.5508436199
1.1742955852,-0.0999264753,-0.8079408428
2.0775998816,-0.1257855983,-1.0758181169
2.0775998816,0.0795463783,-1.1338603929
5.8714779262,-0.241374148,-2.2256065855
6.7747822225,-0.2905473819,-2.421300444
8.907858,-0.372164,-2.491766
10.258947,-0.337053,-2.544859
13.465759,-5.264485,-5.120169
13.644453,-4.610777,-4.670846
13.703541,-4.62561,-4.808285
13.937574,-5.265557,-5.165707
14.053232,-5.264518,-5.763339
14.168005,-5.399816,-5.81564
13.995515,-3.993749,-5.530325
13.762395,-2.835008,-4.743961
14.39497,-5.17537,-6.515584
13.937574,-2.929688,-4.793944
14.225066,-4.076608,-7.09754
17.645058,-3.9375,-3.420687
17.827913,-0.369441,-2.372141
19.013502,-0.392225,-2.338232
21.282413,-6.518174,-4.102018
21.282413,-6.518055,-4.102059
21.282413,-5.965609,-5.913222
21.282413,-5.965475,-5.913271
20.557186,-2.108682,0.62803
21.394373,-5.173716,-4.278908
24.341103,-17.345409,-12.114822
27.324867,-30.063053,-13.321326
20.400791,0.184831,0.550425
20.400789,0.184924,0.550424
23.169218,-11.747952,-14.55069
23.169218,-11.747893,-14.550684
27.627655,-30.858858,-13.095523
26.67771,-26.515356,-9.772418
21.762815,-5.330461,-4.165325
23.304401,-11.798154,-14.574929
24.532022,-17.019703,-12.533622
20.673613,0.07039,0.76506
27.899317,-30.943708,-13.639717
24.064253,-14.368859,-14.349902
24.783821,-17.328281,-11.721259
23.2031,-10.48192,-16.119186
27.600302,-29.435375,-12.171539
23.2031,-10.481787,-16.119221
27.791056,-30.130484,-15.129764
23.770374,-12.577945,-14.172666
24.658312,-16.10898,-13.27937
23.304401,-10.222057,-16.227198
23.671442,-11.803973,-16.188946
23.304401,-10.221864,-16.227217
23.671442,-11.803928,-16.188873
27.324867,-27.470087,-13.743175
20.866026,0.461604,2.397194
27.600302,-28.433243,-13.823541
23.770374,-11.8844,-16.295111
20.789303,0.965077,0.085526
23.770374,-11.884206,-16.295132
27.380234,-27.437597,-13.372876
24.815077,-16.300819,-13.090519
27.407864,-27.469625,-11.203574
27.627655,-28.149454,-11.823294
27.899317,-29.165134,-9.072701
27.654972,-27.684763,-13.489986
24.626812,-14.344616,-13.229379
27.435459,-26.291338,-12.493537
24.908562,-15.21734,-11.933549
24.783821,-14.526625,-13.4425
24.595266,-13.713845,-12.856529
27.654972,-26.861801,-12.210331
24.626812,-13.398452,-11.077895
27.545492,-25.61208,-13.041737
28.353571,-29.090569,-11.229582
28.353571,-29.090464,-11.229582
23.605213,-7.957049,-20.846567
28.033895,-26.55002,-12.707726
24.161263,-9.857612,-18.295889
28.033895,-26.549902,-12.707726
28.060711,-26.172367,-12.724666
24.481285,-9.768497,-14.540817
22.950962,-2.715879,-7.733388
25.551306,-13.902603,-12.658736
23.966774,-6.903216,-22.121408
26.505621,-17.846369,-11.058514
26.505621,-17.846294,-11.058637
23.538761,-4.417905,-20.235949
23.121681,-2.509909,-8.018114
23.425276,-3.104345,-7.536139
26.563139,-16.187954,-11.583441
26.563139,-16.18782,-11.583471
25.381853,-10.939287,-18.032888
23.59194,-3.124209,-7.064123
23.704475,-3.552516,-22.393524
23.304401,-1.515801,-22.26317
23.691267,-3.178845,-7.328591
23.358215,-1.584646,-7.020829
25.381853,-10.298969,-15.034953
29.738104,-28.471516,-10.862869
23.724266,-2.364475,-7.066786
23.658213,-1.961985,-7.809344
23.953741,-3.092851,-7.524142
23.7901,-1.820439,-7.536076
35.498432,-51.603333,6.476638
26.876743,-14.304313,-10.173533
23.737452,-0.394988,-2.208737
24.148355,-1.813088,-8.058277
24.373045,-2.717046,-7.868778
35.498432,-49.018013,4.88342
35.341003,-47.807205,5.674574
34.660912,-44.779327,5.621924
35.43951,-47.983143,3.960627
24.481285,-0.396769,-2.149093
22.06325,11.099277,7.574691
31.370398,-28.967501,-12.821016
35.043198,-44.798489,3.871448
35.043194,-44.798409,3.871436
35.083103,-44.115772,3.800086
34.782253,-42.562027,4.75114
34.882931,-42.985641,5.024867
29.588387,-20.148691,-20.277988
35.103035,-43.918564,5.43911
35.103035,-43.918488,5.439101
26.273977,-5.721074,-4.59285
35.321259,-44.552967,5.465439
28.033894,-12.7443,-19.455858
22.454252,11.508492,8.227568
22.664217,10.847987,6.356585
21.726294,15.280646,-1.367774
22.383753,12.474535,7.389589
22.733702,11.08789,7.137346
22.559521,11.932903,5.566476
22.768349,11.100059,7.122762
34.882931,-40.977829,1.579803
22.348406,13.053556,6.252919
22.454252,12.632994,5.731312
22.837461,11.07297,6.979196
34.660912,-39.533718,4.526602
22.408457,13.394528,-40.746483
22.559521,12.868414,6.293196
22.513975,13.263478,-31.474159
22.974953,11.672267,5.749377
34.620335,-38.435333,3.597958
28.300611,-11.133653,-21.341335
35.023216,-40.070381,1.596998
22.629381,13.360017,6.630996
21.726294,17.614317,-35.036835
21.980473,16.65033,0.924282
21.980473,16.65045,0.924277
21.944368,16.952526,-31.869539
21.835646,17.67906,-0.207478
21.835646,17.679193,-0.207485
34.660912,-37.117764,2.218003
35.043194,-38.37468,1.23097
22.549021,15.54078,-30.682112
22.549021,15.54087,-30.682152
31.277468,-21.816063,-20.109856
31.277468,-21.815945,-20.109787
22.513975,16.029432,-43.475376
21.653038,20.075859,-36.933514
21.799265,19.453405,-34.275036
35.810432,-40.561752,3.440969
22.159967,18.276463,-34.562843
28.406404,-8.59418,-34.175392
21.944368,19.337234,-36.249416
21.542618,21.115187,-36.417706
23.033094,14.973575,-42.55302
22.618919,16.796024,-42.758579
23.033094,15.486859,-44.410229
28.694765,-8.891593,-34.170197
22.195663,19.223789,-37.115963
21.762815,21.103886,-37.352467
22.443693,18.395334,-36.430336
21.726294,21.524843,-36.228394
22.124205,19.866341,-36.370064
22.124205,19.866444,-36.370113
22.124203,19.866638,-36.370171
22.124203,19.866697,-36.37027
21.799265,21.370529,-35.615723
21.653038,22.098574,-36.80526
22.584,18.143545,-35.338531
22.124203,20.254351,-36.512947
22.195663,19.946392,-36.508457
22.195663,19.946421,-36.508568
22.052473,20.887571,-36.659988
22.82711,17.739157,-34.414017
22.930374,17.805658,-34.13908
22.861593,18.102205,-34.330376
22.584002,19.309719,-47.414867
23.033094,17.490633,-34.803165
22.998915,17.892027,-34.310883
23.135275,17.304354,-34.817234
23.135275,17.304459,-34.817253
22.998915,17.892221,-34.310917
23.101274,18.128374,-46.395802
23.405184,16.900217,-34.256824
22.723295,20.09107,-46.684811
22.723295,20.373119,-48.629288
29.613407,-9.056348,-34.95953
32.6348,-21.506765,-20.66925
23.934174,16.738255,-34.775845
35.103035,-31.280479,-1.334379
22.723295,22.299795,-46.549507
26.67771,5.281472,15.936432
26.67771,5.281576,15.936484
26.390116,7.254595,14.995491
26.390116,7.25464,14.99554
22.549021,24.345951,-50.549301
22.964676,23.311981,-51.564125
34.148941,-24.858421,-19.715172
39.931938,-48.000504,-2.849306
26.848423,8.511765,18.244299
39.981789,-47.98275,-9.237774
39.806923,-47.109764,-6.132222
33.070816,-18.073713,-19.322838
32.369396,-13.999039,-20.116463
28.114248,5.726606,-35.105156
37.335136,-33.834175,-2.943526
37.114742,-31.375387,-2.382415
37.806511,-33.786007,-1.780051
37.806511,-33.785938,-1.779898
37.878304,-33.871727,-1.850328
37.878304,-33.871635,-1.850277
37.698467,-32.572544,-1.892215
37.133175,-29.849382,-2.119854
37.48106,-31.109324,-3.578527
37.280209,-30.154894,-3.822695
29.960857,1.476013,-33.487358
38.039131,-33.343899,-1.68362
37.17001,-29.525862,-29.528233
37.462864,-30.639582,-1.700671
37.316841,-29.897778,-29.847221
37.408199,-30.200422,-2.937982
37.003853,-28.441145,-15.471752
37.662354,-31.112587,-2.616888
37.206795,-28.913197,-2.145085
26.098566,19.111952,-37.872101
37.114742,-28.371401,-15.476032
36.668377,-26.338417,-18.475231
37.589985,-30.220947,-28.271643
26.67771,16.834044,-42.636372
37.38995,-29.232569,-4.247711
37.644279,-30.3267,-1.19013
37.644279,-30.226524,-27.325909
35.53764,-21.137602,-22.245789
37.059353,-27.696524,-17.697077
37.160809,-27.809332,-17.771332
37.878304,-30.900673,-2.537326
37.243526,-28.075132,-27.482712
37.788536,-30.405518,-1.783149
37.949902,-30.884563,-2.604484
37.499245,-28.802002,-2.660885
37.896221,-30.437382,-1.847032
37.48106,-28.214296,-31.182697
37.608093,-28.453279,-30.801001
37.261875,-26.939013,-2.370748
36.061195,-21.562092,-22.162203
30.254545,3.466784,-35.48613
26.691988,19.089689,-40.997787
38.28743,-30.83779,0.088921
27.926296,13.900254,4.329706
30.37582,3.476698,-34.958138
30.424154,3.374569,-35.603924
37.752544,-28.213318,-1.928556
27.129957,17.679699,-37.421871
37.734528,-27.895018,-31.892164
37.444653,-26.568275,-29.02739
37.8783,-28.26717,-30.792187
37.571861,-26.926945,-26.921865
41.247887,-42.644684,10.615993
30.351616,4.322109,-37.827114
37.788532,-27.501261,-27.433578
30.424154,4.325249,-38.041538
36.985329,-23.704914,-28.655218
37.408195,-25.425289,-29.948332
37.003853,-23.628815,-27.078981
30.351616,5.162564,-37.557579
27.087961,19.543564,-42.350658
37.243526,-24.171177,-28.545488
30.351616,5.99612,-38.344559
30.496466,5.992533,-37.702686
30.520519,5.991661,-38.548622
30.520519,5.991959,-38.548687
30.375822,6.718535,-37.803238
35.459164,-14.781438,-21.057169
35.459164,-14.781334,-21.057093
28.876348,14.531959,4.678038
41.720253,-40.241997,8.638143
41.720253,-40.241951,8.638138
37.206795,-19.681837,-23.649042
37.335136,-19.935518,-23.446417
43.033218,-43.405251,13.089993
39.275635,-26.128975,-21.191074
40.508087,-30.179283,20.870146
40.508087,-30.179224,20.870127
42.322998,-37.424541,9.918674
42.322998,-37.424526,9.918662
37.770546,-17.418816,-25.642082
40.71912,-29.936848,23.550034
37.905174,-17.708971,-25.365938
38.110306,-17.836069,-25.056265
38.11919,-17.874346,-25.041441
33.435429,2.692295,-36.979984
39.29266,-21.427395,-21.015078
33.092415,5.455307,-29.247524
33.135551,5.375396,-29.886528
33.157093,5.502381,-29.559862
42.672699,-34.328117,-1.463435
41.104649,-27.11038,-21.882095
40.702946,-25.195724,-23.189289
37.490154,-11.347415,-27.527931
41.184315,-27.270496,21.909061
41.184315,-27.27042,21.909044
41.342987,-27.862955,-21.710922
33.477974,6.171166,-29.749645
41.008755,-26.057455,-23.354342
41.008755,-26.057306,-23.354427
40.361057,-22.629972,-20.694771
38.021313,-12.454347,-26.629408
38.163567,-12.796434,-26.366819
26.34664,38.279858,-9.25747
34.066051,5.060163,-29.898836
26.67771,37.071995,-13.957189
34.0037,5.924304,-29.746603
34.169621,5.444482,-30.075739
34.313908,5.863198,-30.047523
29.107674,28.471119,-11.577841
36.668377,-4.029605,28.151796
47.352684,-49.861763,-9.634287
38.065845,-9.74362,-27.684864
37.98563,-9.354229,-27.908321
36.649616,-3.088117,32.234447
36.836647,-3.874564,28.441769
38.28743,-9.952696,-27.37093
36.761993,-3.02787,24.443378
34.600018,6.538946,-30.150497
35.06316,4.983022,-30.664169
35.023216,5.395849,-30.815407
37.225166,-4.06841,24.962427
37.225166,-4.06832,24.962427
35.122952,5.093623,-30.776312
35.043198,5.468761,-30.910889
35.122952,5.127508,-30.736898
35.142853,5.095078,-30.755865
35.103035,5.334186,-30.812668
35.103035,5.371856,-30.968113
35.162735,5.135318,-30.988205
35.142853,5.302665,-30.778742
35.202457,5.063473,-30.604147
35.182606,5.205809,-30.953705
47.905281,-49.585243,-6.786449
35.182606,5.375607,-30.788649
35.261925,5.04142,-31.069313
35.321259,4.834963,-30.821753
35.321259,4.900648,-30.548117
35.341003,4.902972,-30.592291
35.281719,5.208384,-30.591005
35.242119,5.381862,-30.824453
35.261925,5.315021,-30.850403
35.341003,5.008696,-30.733496
35.003223,6.657537,-30.344349
35.242119,5.630384,-31.101173
35.380451,5.123019,-31.159771
35.341003,5.327625,-31.126375
35.380451,5.158826,-31.218128
35.360737,5.327154,-31.007704
35.301498,5.63535,-31.071861
35.693874,4.004496,-29.981928
35.380451,5.393758,-30.777336
35.380451,5.457178,-30.503191
35.400154,5.372988,-31.384466
35.459167,5.163983,-31.102339
35.341003,5.678205,-31.252357
35.400154,5.433665,-30.945103
35.321259,5.779816,-31.219252
35.321259,5.790828,-31.645956
35.498432,5.204914,-31.249998
35.43951,5.469648,-30.831221
35.53764,5.06904,-31.269197
35.419838,5.613729,-31.150581
35.55722,5.032694,-31.058905
35.518044,5.269886,-30.887978
35.518044,5.275861,-31.215029
35.400154,5.857067,-31.220377
35.53764,5.307101,-30.925335
35.615875,5.037456,-31.028793
36.022774,3.374845,-29.628986
35.55722,5.382886,-31.152035
35.945759,3.792452,-26.620092
35.654903,5.079054,-31.241846
36.137867,3.007915,-29.258213
37.316841,-2.066045,26.368431
37.316841,-2.065955,26.368347
35.576786,5.455075,-31.182528
35.59634,5.567183,-31.436037
35.576786,5.660934,-31.041805
35.674397,5.292491,-31.342636
35.635399,5.461259,-31.217964
37.408199,-2.121315,26.352955
37.408195,-2.121273,26.353003
35.926468,4.454432,-27.248835
36.137867,3.570956,-27.27051
37.188408,-0.920802,25.234764
35.459164,6.643839,-30.499256
40.654354,-15.390312,-19.490849
36.404465,3.020519,-29.60146
38.021313,-3.922389,-27.540432
36.195229,4.032495,-29.725708
35.868515,5.524495,-31.11552
35.713337,6.346124,-30.061243
36.022774,5.076796,-28.342535
35.615875,6.883776,-30.910015
36.366547,3.917173,-30.172318
35.945759,5.79262,-28.982227
36.873898,2.025257,-27.400486
38.296257,-4.105003,-27.397863
35.771637,6.910248,-34.632568
38.092533,-3.053049,33.014938
35.907166,6.386807,-29.646185
35.926468,6.436257,-31.063925
35.713337,7.426101,-31.895163
31.601139,25.170433,-21.706625
35.55722,8.210104,-33.640648
35.829807,7.075019,-32.41333
35.771637,7.376073,-31.439459
35.713337,7.846552,-35.211411
35.791042,7.76216,-32.112885
35.945759,7.16238,-31.695053
36.836647,3.46247,-30.118
36.761993,3.912012,-30.693001
36.09956,6.805772,-31.128956
35.849167,7.895335,-32.496845
35.654903,8.891829,-35.070747
36.118721,6.938762,-30.913197
35.907166,7.967031,-33.03289
35.771637,8.645488,-34.430386
36.137867,7.073176,-32.411011
35.965034,7.977792,-33.103657
36.743298,4.650525,-30.870932
49.833973,-51.532883,12.004609
37.114738,3.620071,-30.510952
35.926468,8.760614,-35.893555
41.547955,-15.280587,-19.750408
49.629257,-50.081348,15.955322
38.216721,-0.889203,-27.848351
36.649616,6.027445,-30.29653
36.855278,5.2695,-31.478754
36.442333,7.163558,-32.654648
37.188408,4.055164,-18.948629
36.290543,8.098811,-33.29665
40.048115,-7.975255,-4.891642
40.048119,-7.975266,-4.891597
40.654354,-10.427422,-4.373948
40.654354,-10.427422,-4.374039
36.630836,7.084934,-31.402933
37.408195,3.923681,-30.886854
36.892502,6.410605,-31.536617
48.945694,-45.524364,-2.790407
40.361057,-8.361782,-7.028759
36.929672,6.619192,-32.331776
32.810143,24.388157,-20.652191
36.612049,8.168813,-33.219658
49.15472,-45.866867,-2.862137
49.15472,-45.866837,-2.862244
37.462864,4.641659,-31.172781
31.98834,28.285166,-20.377663
37.280209,5.781283,-31.906693
49.773891,-48.058891,-4.376344
37.133175,7.100461,-33.051605
38.881161,-0.404753,-1.556684
36.948235,7.932313,-33.455662
37.608093,5.195405,-31.584677
49.9538,-47.965702,-0.350058
37.444653,6.993342,-32.238842
41.056744,-8.363739,-4.952534
31.555168,32.668987,1.525261
37.860371,5.514007,-32.047844
37.608093,6.967942,-33.004108
37.860371,5.95906,-32.505554
31.509111,33.41103,2.534813
37.806511,6.632274,-32.161835
49.544586,-43.864124,-2.9341
37.914124,6.537703,-32.248383
38.163567,5.51306,-32.475559
38.163567,5.796346,-32.073647
50.369812,-46.728775,28.174463
31.64702,33.972969,0.735331
31.113958,36.347134,-0.333286
37.98563,6.791194,-33.073132
49.629257,-43.000854,-3.431465
38.199013,6.392351,-32.490402
49.483974,-42.145969,-3.553843
49.483974,-42.145851,-3.553866
39.898655,-0.274651,-1.401929
49.386765,-40.739964,-0.442414
31.62409,36.049889,2.497163
36.09956,17.019642,5.169783
49.580898,-40.973442,-1.921134
49.520355,-40.411953,-1.780743
49.496109,-40.30743,-0.312041
39.529896,2.800512,-19.606386
39.765125,2.102488,-18.361389
31.772736,36.644222,-18.223768
39.731644,2.508172,-19.67495
50.144627,-42.354786,-2.70714
50.251484,-42.591888,-2.723161
50.251484,-42.59174,-2.723109
40.328278,0.800711,-17.762697
34.313908,26.870752,-18.645075
40.180305,1.634617,-18.428911
40.180305,1.634736,-18.428913
49.773891,-39.642982,-4.322584
33.520443,30.414986,-12.289613
34.782253,25.197487,-19.236778
40.328278,1.880911,-19.082632
50.943607,-43.654781,32.677731
31.784132,39.294998,-13.80234
33.857616,30.544945,-21.815777
36.948235,17.386126,5.264829
40.702942,1.478193,-15.840391
33.77375,31.376785,-21.588411
34.066051,30.260366,-12.659597
34.498207,28.469959,-10.080063
34.498207,28.470003,-10.080065
34.782253,27.245667,-21.393272
41.200222,0.016313,-17.339447
41.200222,0.016378,-17.339458
34.498207,28.984913,-23.220827
32.413834,37.991497,-18.653765
33.962048,31.504326,-10.846254
34.701424,28.378311,-19.715693
35.043198,26.995142,-18.490335
35.142853,26.693014,-19.78117
34.416462,29.937304,-21.220722
35.182606,26.818871,-21.223682
34.066051,31.63175,-10.904076
34.579689,29.508501,-20.474421
35.003223,27.807022,-19.951809
42.384117,-3.991448,33.724861
42.581875,-4.787809,-32.634682
34.066051,32.061588,-9.733544
34.252171,31.402319,-9.627592
34.293346,31.261942,-22.297226
34.822575,28.983156,-20.563919
34.579689,30.277924,-23.256861
34.190285,32.168232,-9.73429
35.713337,25.674494,-18.087009
34.862831,29.547581,-20.107298
53.856831,-52.316906,25.1485
41.120602,3.005794,-17.32873
42.958473,-4.916024,-31.061073
41.876003,-0.176758,-12.984466
43.359867,-6.504783,-29.759493
34.375488,32.433029,-11.999133
41.26376,2.953419,-17.303785
34.579689,31.9753,-11.976392
35.043198,29.977432,-21.443426
35.043194,29.977543,-21.443403
34.923092,30.505457,-23.658497
41.232006,3.352422,-15.642124
41.453533,2.416735,-17.982721
41.453533,2.416973,-17.98266
41.453533,2.416973,-17.98275
42.642456,-2.615103,-3.107763
35.59634,27.761345,-22.201654
36.233395,25.022652,-23.16666
43.463051,-5.823725,-31.848856
42.793365,-2.900251,-1.820894
42.89854,-3.337323,-2.757914
41.008755,4.824992,-16.850786
35.222294,29.766779,-21.382965
42.185009,-0.181711,-14.79238
36.118721,26.365995,-19.787834
54.343872,-51.955719,28.200615
54.343876,-51.955727,28.200708
35.713337,28.417604,-22.801613
41.907051,1.877974,-15.95851
35.945759,27.899076,-22.789019
41.720253,3.289109,-17.93857
41.406208,4.815903,-16.748663
42.733093,-0.701881,-16.227003
41.891529,3.102635,-15.159831
50.428818,-33.695751,40.653271
41.891533,3.102898,-15.15988
41.358803,5.558454,-21.38813
43.58054,-3.991546,34.088932
42.838486,-0.755431,-15.567472
41.374615,5.641355,-18.021978
54.438377,-50.634541,30.057386
42,3.116429,-15.347556
42.612183,0.751808,-15.65769
41.657719,4.867814,-16.720016
42.061802,3.192441,-20.06008
42.061802,3.19256,-20.06008
42.353573,1.990925,-13.848582
51.404827,-36.601044,42.290524
42.551537,1.592883,-15.847075
42.200371,3.209737,-20.266949
55.031113,-52.094528,26.157166
42.200375,3.218757,-20.301023
51.4506,-36.629578,42.413197
35.887848,30.486694,-10.968029
41.767063,5.21313,-17.965696
41.844917,5.149412,-17.993149
35.965034,30.561605,-11.031638
55.041424,-51.554726,26.666977
43.256325,-0.554852,-15.961747
43.152416,-0.048409,-14.26813
41.860466,5.588626,-20.218264
36.593246,28.569469,-23.231895
37.243526,25.813442,-24.886179
43.167282,0.382945,-13.757192
42.138866,4.854753,-19.062969
42.077229,5.234933,-18.750866
42.077229,5.355484,-17.954351
42.261749,4.568421,-18.164082
33.178619,43.719856,14.9012
42.261749,4.568511,-18.164015
35.242119,35.161205,-10.783842
53.069675,-41.547806,-8.875042
55.103226,-50.264984,26.085283
55.359585,-50.977573,25.703701
43.063065,2.111344,-17.228067
55.573513,-51.788448,27.087231
43.033218,2.380715,-19.188526
35.419838,35.197063,-10.829923
43.033218,2.380774,-19.188541
43.639107,-0.196992,-0.55483
51.105755,-32.348072,45.65789
51.128857,-32.447636,45.799156
55.461617,-51.108845,26.141764
55.287991,-50.310722,25.628996
55.226509,-49.991859,25.450281
53.760738,-43.658661,-0.454582
55.318691,-50.332066,25.879183
33.878536,42.173317,18.530891
53.395325,-41.95071,-5.948508
55.461617,-50.772346,27.075537
37.280209,27.717524,-21.981091
55.674934,-51.503441,27.751709
47.675125,-16.829433,-20.526653
50.733971,-29.882835,42.618275
43.639107,0.746967,-13.490405
55.492168,-50.232319,25.843628
55.431038,-49.93047,26.83411
42.733097,5.065872,-17.826361
42.733093,5.065942,-17.826227
43.507164,1.94246,-14.955472
43.741329,1.009265,-16.645134
55.451427,-49.464329,26.123629
51.439163,-31.802753,40.057354
55.583668,-49.513599,26.269569
51.507732,-31.901819,43.202671
55.573513,-49.253998,25.13249
55.583668,-49.259148,26.18358
55.674934,-49.594036,25.651308
55.532864,-48.762138,25.758438
40.048115,17.995426,5.226207
54.280727,-43.331654,-1.487334
43.973675,1.477626,-14.26543
44.94162,-2.64182,-3.352035
54.927841,-45.600258,25.859533
54.927837,-45.600124,25.859596
43.595192,3.433692,-20.589329
45.178856,-3.391616,-2.987074
45.164951,-3.313056,-2.403256
45.081394,-2.938557,-2.013605
45.081394,-2.931315,-1.923165
45.178856,-3.125749,-2.870928
45.151043,-2.811008,-2.501926
43.799587,3.068473,-19.093336
50.838955,-27.263376,16.411703
50.061275,-23.911198,-5.3839
50.838955,-27.263258,16.41168
45.317554,-3.378679,-2.751668
45.386665,-3.556713,-2.135454
51.53056,-30.014101,0.291228
45.33139,-3.092339,-3.071134
45.386665,-3.26021,-2.6558
50.52301,-25.385704,0.193805
45.524429,-3.543811,-1.897792
44.390274,1.586891,-18.373663
51.678555,-29.725574,0.227795
42.958473,7.989877,-30.309027
42.89854,8.312167,-30.312408
48.85923,-17.188835,-21.234711
50.581745,-24.485786,6.330908
49.785915,-20.800692,14.800025
46.055897,-4.659326,-26.422087
45.729923,-3.098526,-1.87039
51.587555,-28.311918,41.751678
45.095337,-0.233029,-0.638954
51.825905,-29.23259,0.471586
50.931999,-25.359365,-2.700922
46.163795,-4.743269,-22.915791
50.405228,-22.898642,-8.760909
45.961174,-3.543717,-2.61499
47.183708,-8.770484,-23.828453
50.369812,-22.366034,11.760392
52.241817,-30.37277,0.615013
46.431919,-4.950848,-25.982868
50.955215,-23.381392,9.570577
41.327156,18.16258,5.137015
47.026924,-6.090162,-26.323709
52.938549,-31.491577,1.198516
43.085426,11.132853,-29.061697
43.048145,11.324059,-28.988466
35.242119,45.157204,16.384867
46.974487,-5.338224,-24.143667
47.196739,-6.188429,-27.027718
35.703606,43.352867,21.707296
46.578411,-3.045476,-3.218338
46.803467,-3.812742,-2.843082
46.710995,-3.345115,-1.845587
47.066196,-4.81769,-23.221413
50.687206,-20.24176,-13.826896
50.357998,-18.822725,-15.64047
47.879787,-7.771471,-24.548243
47.235798,-4.873497,-25.659845
47.610901,-6.321294,-24.666119
47.585175,-6.104958,-25.353298
53.867489,-33.064632,2.090752
48.045116,-7.795154,-24.376974
46.803467,-2.398264,-27.357294
56.446445,-43.901817,38.351883
56.446445,-43.901657,38.351856
39.496132,29.221016,-21.484358
47.365646,-4.688555,-24.64673
35.202457,47.824463,30.974993
47.546543,-5.248015,-24.230824
36.948235,40.520832,15.930126
47.5723,-5.224561,-24.349827
47.89254,-6.464955,-23.92292
47.981628,-6.69933,-23.871952
47.867039,-6.135065,-23.704105
50.546513,-17.619324,18.252106
48.133785,-7.201355,-25.257195
52.916645,-27.732435,0.855503
50.628654,-17.791826,-22.331953
38.67308,33.983028,-11.227219
48.032433,-6.229394,-26.16704
49.989662,-14.312641,-20.112686
47.274811,-2.506462,-27.221846
47.131535,-1.512309,-26.65633
54.111782,-31.506578,0.517001
50.86224,-17.472771,-11.871647
46.85619,-0.025677,0.35269
46.85619,-0.025618,0.352809
50.192162,-14.344807,20.415913
36.309563,45.547256,21.141529
54.217468,-30.920561,0.013155
57.626629,-45.495079,-7.12554
54.813892,-33.371155,18.511526
48.133785,-4.464638,-28.296122
54.301788,-31.013969,0.312227
42.973438,17.843439,-25.24209
54.605766,-32.289581,1.217018
52.916645,-24.718735,17.609871
52.916649,-24.718689,17.609694
52.916645,-24.718616,17.609802
48.573505,-5.818207,-23.30015
48.685612,-6.246889,-24.185173
56.007607,-37.698021,-0.350327
48.272621,-4.212461,-25.531704
51.036358,-15.90473,-12.758986
47.981628,-2.67855,-28.104609
54.761974,-31.727837,17.276775
54.4174,-30.098858,0.648465
56.167801,-37.633949,0.316745
48.760132,-5.697698,-25.600773
48.809723,-5.845305,-23.965975
56.007607,-36.763359,-0.639196
57.492008,-43.084118,-7.14991
57.492008,-43.083912,-7.149897
48.871597,-5.8938,-24.960522
51.701263,-18.041677,-22.550978
54.979515,-31.961153,17.245646
36.461243,47.858986,18.390982
55.461613,-34.027458,2.27816
48.698044,-4.678724,-26.183531
58.169697,-45.478054,-7.989485
54.896797,-31.312233,17.238083
57.269772,-41.540562,-6.555326
50.792336,-13.503814,-12.32948
48.73531,-4.526822,-27.288454
56.077782,-36.160137,1.741274
36.499027,48.369331,16.271397
57.463097,-41.96545,-7.462634
36.366547,49.014481,31.268713
57.39555,-41.616154,-6.60528
50.51125,-11.908682,-21.836609
54.730789,-30.071882,15.222645
47.326748,1.842097,-1.251538
54.845005,-30.506079,15.441336
50.487717,-11.72461,-21.690321
49.905922,-9.216836,22.124119
54.876091,-30.581987,15.212035
51.00161,-13.823364,-14.457191
51.00161,-13.823335,-14.457134
45.784492,8.67637,-13.369141
47.352684,2.137058,1.1662
47.352684,2.137297,1.166173
56.107815,-35.585449,-0.13066
55.451427,-32.753304,1.468899
48.797333,-4.019587,-25.025913
49.093384,-5.260174,-24.724117
49.0811,-5.199367,-24.532782
58.452362,-45.590378,-6.128921
49.447544,-6.69211,-27.026808
48.373238,-2.047321,-26.305017
36.948235,47.273624,17.229256
57.279461,-40.36079,40.422882
43.345097,19.758728,-23.559269
50.931995,-12.943414,-12.923802
49.374592,-6.211933,-26.086388
49.423252,-6.380499,-24.647871
56.077782,-34.961159,2.687
36.855278,47.905716,17.114307
54.490772,-28.099005,1.099506
36.271507,50.507298,21.228584
36.649616,48.902855,22.076365
56.057743,-34.598171,0.686235
54.793133,-29.13352,0.893109
37.35342,46.104969,20.702898
55.359585,-31.410614,0.768447
37.243526,46.75169,21.254608
45.838963,9.817338,25.960958
56.047722,-34.185932,2.073268
49.520355,-6.036674,-24.016258
37.553726,45.587086,20.804796
48.772537,-2.672256,-26.252129
54.938183,-29.230814,15.952363
46.365105,7.779444,22.730297
37.949902,44.051872,15.99596
46.365105,7.779533,22.730371
57.104637,-38.454281,32.305595
57.104641,-38.454205,32.305771
49.689598,-6.203372,-24.980022
54.958851,-28.746519,15.812528
55.103226,-29.368818,15.886596
55.103226,-29.368788,15.886495
55.380013,-30.539932,0.644375
36.195225,52.23558,18.609442
56.367054,-34.645134,1.645388
56.077782,-33.351295,1.537231
59.223415,-46.785343,40.720772
49.0811,-3.066265,-25.438837
56.486076,-34.850014,2.561
45.702602,11.66511,21.519011
45.702602,11.665258,21.519072
55.492168,-30.474243,15.434319
56.486076,-34.71632,-0.041465
49.881954,-6.178273,23.285236
49.130199,-2.920723,-24.231207
49.019623,-2.420908,-26.008892
46.001804,10.720681,-15.873279
55.977489,-32.265121,0.636874
49.093384,-2.556716,-25.326153
54.772366,-27.030115,16.798723
56.15781,-32.906555,2.580271
36.743298,50.880886,24.315462
49.044228,-2.03844,-25.081593
46.217606,10.204192,-14.516825
56.267567,-33.092522,1.670678
45.988266,11.218498,-16.208773
55.82653,-31.181913,0.78188
56.167801,-32.431656,0.966444
56.137821,-32.057533,1.806051
36.668377,51.904079,17.476454
45.961178,11.871773,-16.077568
55.866848,-30.819221,0.921957
55.836617,-30.675764,0.724514
55.907124,-30.961613,0.56297
45.934059,12.039439,-16.193235
56.087795,-31.66363,1.059796
36.271507,53.757896,20.455835
56.067764,-31.506691,0.632799
46.365108,10.319695,-15.343955
56.137821,-31.797688,0.558479
56.177792,-31.891094,0.066793
55.977489,-30.972208,0.333803
56.187775,-31.868713,0.515423
56.167801,-31.735863,1.050233
56.067764,-31.284098,0.69704
56.117817,-31.475496,0.97182
56.047722,-31.121923,0.5647
55.664806,-29.462776,0.794798
56.247635,-31.935303,1.150611
55.977489,-30.755247,0.190009
56.007607,-30.845303,0.256349
50.52301,-7.130917,-24.381063
53.856831,-21.500828,2.699115
56.257603,-31.848982,0.211115
53.856831,-21.500589,2.699126
50.132732,-5.439182,-23.602091
55.876923,-30.117073,0.272964
58.76083,-42.526443,-7.905853
50.08511,-5.116676,-23.47584
56.167801,-31.323668,0.993477
53.995159,-21.928516,0.22287
53.995159,-21.928516,0.222739
55.987534,-30.51511,1.380653
56.077782,-30.861223,0.585118
56.36705,-32.096279,-1.607494
56.367054,-32.096081,-1.607512
56.267563,-31.612736,0.864716
55.99757,-30.441288,0.932251
56.396843,-32.136333,1.055058
59.834492,-46.929825,41.337112
56.15781,-31.015419,0.433073
56.386917,-31.976803,0.834974
56.247635,-31.368643,0.490532
46.974487,8.613555,-14.298701
56.287483,-31.501989,0.16237
47.066193,8.252254,-13.079809
50.657944,-7.12349,-24.22546
56.207741,-31.02541,0.466202
56.277523,-31.209679,0.599352
46.843018,9.459996,-14.706019
56.781944,-33.363216,1.496262
56.277523,-31.18399,0.577248
59.951927,-46.987896,41.229942
56.307392,-31.273954,0.64382
56.207741,-30.828327,0.5527
56.257603,-31.038031,0.9711
56.406769,-31.673468,0.394286
56.416695,-31.710546,1.62314
46.485268,11.097709,-15.4621
56.267563,-31.059544,0.730026
56.227692,-30.874334,0.926064
56.426613,-31.717216,0.295726
49.881954,-3.484262,40.154255
50.08511,-4.324798,-22.836958
56.277527,-31.002388,2.84508
56.584969,-32.298683,0.651786
56.047722,-29.973879,0.513552
56.495979,-31.878544,0.494822
56.267563,-30.85981,0.728853
56.15781,-30.341528,0.450537
56.791763,-33.062336,0.844688
56.416695,-31.440687,0.876172
56.32729,-31.045248,0.653533
56.267567,-30.777716,1.76151
56.386917,-31.279131,0.918914
56.386917,-31.219675,0.611009
56.357113,-31.063831,0.445012
47.43037,7.426414,-14.50227
56.416695,-31.286669,0.743485
56.426613,-31.25984,0.54552
56.614582,-32.057137,0.518471
56.505878,-31.583757,0.580958
46.578415,11.222177,-14.176284
56.317341,-30.755398,0.706651
56.486076,-31.394852,0.425617
56.36705,-30.850124,0.30058
56.476173,-31.318544,0.53513
56.525665,-31.50209,0.932555
47.261806,8.440722,-14.024857
56.257603,-30.304417,-0.298011
56.486076,-31.263065,0.226513
56.535553,-31.458862,0.591333
56.505878,-31.322512,0.656361
55.54303,-27.158062,1.492611
56.476173,-31.143604,0.556029
56.565208,-31.513021,0.283428
56.376984,-30.695234,0.761717
56.65403,-31.816826,-0.177701
56.29744,-30.239948,0.824422
47.040016,9.666692,-15.665176
36.985329,53.00972,22.009542
36.911091,53.331696,19.58955
56.426613,-30.76679,0.421238
56.426613,-30.720089,0.16749
56.575089,-31.346245,0.866184
56.60471,-31.457825,0.39331
56.663887,-31.699776,0.92405
56.307392,-30.148888,0.317614
56.60471,-31.344814,0.811379
56.187778,-29.538774,17.105852
56.495979,-30.829233,1.005699
55.154644,-25.030249,17.727829
56.167801,-29.397125,0.820818
56.575089,-31.151606,0.655765
56.535553,-30.959852,0.67639
56.703278,-31.672226,0.670783
46.578411,12.024842,-15.567065
56.575089,-30.959291,0.533279
56.187775,-29.261965,17.105936
56.187775,-29.261934,17.10589
46.338337,13.247731,-12.583409
56.752464,-31.540102,1.012361
60.024014,-45.631672,44.886452
56.584969,-30.727087,0.244746
56.287483,-29.437893,1.449778
56.791763,-31.577734,0.858496
56.752464,-31.371271,0.823862
56.742634,-31.321384,0.569516
56.486076,-30.200165,0.980285
56.097805,-28.506248,0.925252
56.127819,-28.617027,1.532337
56.127823,-28.616831,1.532325
56.167801,-28.78451,2.401314
38.039135,49.406609,20.353861
56.78194,-31.294958,0.790561
56.167801,-28.614189,0.573773
56.811398,-31.301725,1.00078
46.76387,12.047139,-15.266007
56.673737,-30.639708,0.609074
47.013821,11.009042,-14.812324
46.816658,11.88175,-15.121693
41.036758,36.816265,22.133057
46.803467,11.959779,-15.394556
47.287796,9.882204,-13.807115
46.882519,11.672404,-14.785732
47.790409,7.846832,-13.960263
57.463097,-33.787872,1.388921
47.000713,11.388927,-14.175341
46.76387,12.415377,-15.366387
56.565208,-29.822603,1.012362
56.850632,-31.00506,0.645579
57.68417,-34.580704,2.259705
56.899616,-31.196211,1.222464
47.404495,9.76618,-14.01267
47.5723,9.072626,-15.610582
56.928974,-31.234272,0.470192
47.092339,11.208915,-14.671347
56.703278,-30.134964,0.550736
47.157631,11.080889,-14.554321
50.850601,-4.826145,-24.798477
47.157631,11.107472,-14.963532
57.036427,-31.410334,0.582674
47.313763,10.550118,-14.58247
57.026669,-31.299232,0.404399
47.494961,9.856531,-16.137222
47.222782,11.053596,-14.47664
47.2878,10.893925,-14.05887
46.578415,13.960801,-15.12886
36.480141,57.49675,21.289219
46.935104,12.451385,-15.022421
56.247635,-27.658998,1.497164
57.211575,-31.759851,0.863446
47.131527,11.726325,-14.493322
50.955215,-4.73074,-24.630684
46.816658,13.150018,-15.409671
47.752029,9.151309,-13.839125
56.919193,-30.280632,0.086012
57.182442,-31.40649,0.87232
47.066189,12.389042,-14.764808
47.5723,10.232026,-11.953878
57.279461,-31.580816,1.074296
47.17067,12.108297,-14.704404
47.131527,12.335246,-14.765049
47.248798,11.866299,-14.345171
46.921967,13.35953,-14.957146
41.673363,36.111137,22.008919
54.406902,-18.738777,-0.287753
54.406906,-18.738785,-0.287656
56.880032,-29.34704,1.049308
60.462589,-44.732502,43.937408
57.201866,-30.50242,0.778383
47.981628,9.275043,-12.686072
56.277527,-26.402369,1.004551
60.657875,-45.19561,43.921753
60.790455,-45.712959,40.271427
47.815975,10.316725,-13.992885
47.378597,12.399621,-14.607193
60.869781,-45.731361,40.23296
60.675575,-44.894264,39.810722
60.869781,-45.731274,40.232895
41.813801,36.422642,22.189848
56.525665,-26.972269,1.833192
58.093956,-33.573685,1.007244
57.636223,-31.501989,0.183464
50.487717,-0.364114,-1.091599
56.456356,-26.062927,17.806543
56.45636,-26.06291,17.80658
41.614643,38.204678,23.429976
57.588215,-30.456388,0.817284
58.714256,-35.151787,1.876305
42.057941,36.92165,25.099762
58.658291,-34.591827,28.587822
58.658291,-34.591648,28.587801
42.015461,37.237225,22.889879
60.657871,-42.997601,41.651669
51.4506,-3.284653,41.471157
41.696815,38.757702,22.729319
50.652088,0.183831,-24.708681
58.414795,-33.142605,0.513028
53.481651,-11.853148,-9.233127
53.481651,-11.853148,-9.233289
41.969048,37.887436,21.214329
58.424191,-32.970333,0.139654
50.757328,0.181386,-24.514521
58.442974,-32.636562,-0.066317
51.198063,-1.004326,24.560135
58.207512,-31.107077,0.769964
58.555466,-32.233517,0.428454
60.9753,-42.463509,42.901829
42.185009,38.56673,24.068939
60.131886,-38.775566,16.307859
60.131886,-38.775566,16.307701
40.229717,47.305862,26.718287
57.856262,-28.571987,1.441358
60.275246,-38.922073,16.273561
50.873875,1.705769,25.025928
47.968918,14.331711,-12.977717
61.063011,-42.05619,42.715523
51.938816,-2.414809,30.712978
51.871113,-2.070838,34.641312
51.92754,-2.157894,33.264008
43.00708,36.30534,23.155594
52.073818,-2.68459,31.785568
52.073814,-2.684434,31.785498
42.755711,37.479897,22.81263
51.972618,-2.092338,34.6702
61.654221,-43.71957,42.58783
61.654221,-43.719452,42.58794
51.678555,-0.521563,-2.255281
51.621712,-0.16479,19.049828
49.881954,7.48931,-23.743315
54.249111,-11.179517,-5.832121
52.519997,-3.726368,32.998085
60.940159,-39.968563,19.477232
51.746639,-0.336176,-1.034046
49.941837,7.48964,-23.547792
51.393372,1.284641,20.983305
51.393372,1.284671,20.983341
60.816914,-39.282604,16.114054
51.746639,-0.186538,21.264711
51.746639,-0.186449,21.264626
60.816914,-39.282452,16.114059
60.675575,-38.570065,18.135775
51.0942,2.78075,-25.021429
51.111534,2.784103,-24.815784
59.78923,-34.581932,1.328877
43.167282,37.141159,22.786427
43.077972,37.676849,22.305689
53.973911,-9.117514,-9.464852
53.973911,-9.117484,-9.464688
60.896187,-38.903473,16.049135
52.062588,-0.780343,-0.132801
60.033012,-35.086063,34.703239
43.055603,38.136776,23.582598
43.152416,37.732285,-9.617787
43.092876,38.027527,22.565903
59.942905,-34.424133,33.689507
43.525524,36.431755,23.569441
52.241821,-1.112231,-1.044169
43.730396,35.689289,21.568848
49.773891,9.805821,-22.437998
43.959206,34.881966,22.462944
43.330318,37.64455,22.841187
56.406769,-18.376207,55.204948
52.718895,-2.403632,2.016102
52.608536,-1.90264,0.457344
52.663757,-2.054657,-0.110976
59.039062,-29.533144,1.065454
52.542156,-1.525351,1.895931
42.823452,40.376244,23.223099
52.297634,-0.409896,18.244532
43.56221,37.306271,23.892
42.988392,39.817799,2.420442
52.508911,-1.114043,-1.547143
52.375626,-0.520912,-0.40756
60.194672,-34.123264,0.007136
52.118702,0.745506,-3.347298
60.816914,-36.710571,37.431435
43.551212,37.74725,-6.274321
53.599998,-5.515917,35.238796
53.600002,-5.515924,35.238831
42.973438,40.311062,25.263008
43.624477,37.621201,22.009541
52.308792,0.1965,-0.255643
60.257355,-34.008846,36.275349
60.22155,-33.835266,0.247534
43.367249,38.831387,21.785275
43.507164,38.228367,23.643114
52.497826,-0.437549,0.02195
52.319939,0.384821,-2.268283
43.330318,39.156811,24.35841
52.817913,-1.70578,-1.386986
60.869781,-36.395813,16.555109
43.315536,39.269077,6.565215
60.869781,-36.395683,16.555075
58.798046,-27.415251,17.337553
43.315536,39.345013,24.183273
59.653114,-31.068605,34.513477
59.870667,-31.966873,37.225582
43.551208,38.391315,22.027452
52.073818,1.686308,-2.588133
52.542156,-0.29973,2.141883
59.69854,-31.059526,0.9199
43.56221,38.508675,22.942991
52.839878,-1.470072,0.394608
44.107182,36.209934,25.132729
60.489277,-34.382278,40.049782
60.212593,-33.146515,0.381463
60.462589,-34.174015,39.446148
60.149834,-32.760582,33.050049
43.433605,39.319481,21.156086
43.810497,37.791012,22.511328
41.390415,48.237415,26.746296
42.551537,43.267765,16.363024
52.707874,-0.509537,0.432108
51.244118,5.85003,25.390585
52.718895,-0.407324,0.636037
51.221096,6.150157,25.01894
52.663757,0.20281,1.189207
52.861832,-0.630516,3.403501
52.553223,0.909326,1.354498
44.688396,34.854061,19.078014
61.080532,-35.796295,17.924597
44.815269,34.318062,19.688488
53.036942,-1.095443,0.529626
52.531075,1.135774,0.042401
45.289864,32.366905,-17.890408
53.276279,-1.970127,-0.912755
43.930248,38.377018,-3.941547
53.406132,-2.41551,0.872765
60.737476,-33.868229,28.102993
60.737476,-33.867989,28.102961
49.797935,13.334814,-20.637012
61.098042,-35.322903,17.89843
52.960438,-0.215942,0.16867
52.773941,0.644513,0.035434
60.212593,-31.359093,33.140129
50.96682,8.495759,24.101707
52.817913,0.595608,1.064185
53.200302,-1.041026,2.061271
43.897636,39.065884,25.772057
53.004173,-0.130079,-1.892733
43.37463,41.469414,21.105474
60.418064,-31.909567,35.437428
52.674797,1.47451,-0.956135
44.376003,37.268784,22.72851
44.489975,36.890717,23.295794
53.373714,-1.304437,-0.279672
47.040016,26.017706,-1.151917
44.716637,36.187611,21.403639
44.546799,36.978462,23.403906
53.481651,-1.505632,1.566985
44.94162,35.310215,-13.260398
44.62122,36.728287,19.940037
53.058765,0.362148,-0.099415
53.189438,-0.061074,-0.485857
44.87149,35.810287,21.346605
52.927597,1.085779,-1.291484
53.58926,-1.69242,1.100019
44.575172,37.251137,22.78834
44.702518,36.736202,21.466169
44.730747,36.646122,23.091211
44.575172,37.364235,22.600819
44.560989,37.502556,23.346313
44.773037,36.589027,23.044935
44.716637,36.836079,23.054127
44.575172,37.466965,23.226105
53.254585,0.169725,-0.951155
44.603519,37.491535,22.87644
44.839878,36.476879,22.747952
44.603519,37.597664,23.048445
44.674267,37.300571,23.319376
50.733971,11.182321,22.495691
44.730747,37.152466,23.52223
44.61768,37.724308,23.281448
45.151043,35.480148,23.348991
44.730747,37.294174,23.309671
44.857445,36.748955,21.264143
44.815273,37.019783,23.185396
44.913589,36.640297,23.255075
45.011585,36.240864,20.708874
53.080578,1.462485,1.143956
44.720165,37.533592,19.276834
44.603519,38.042461,22.882645
44.857445,37.013508,22.903728
44.787125,37.338734,23.064131
44.815273,37.23576,23.075098
52.960438,2.151435,-1.579021
53.470875,-0.023033,-0.984022
44.758949,37.539574,22.716026
44.720165,37.766644,23.12565
49.881954,15.542047,-19.531717
49.886749,15.541023,-19.52627
44.390274,39.248653,22.117399
44.857445,37.271179,23.60289
53.557014,-0.199986,1.16055
44.843391,37.431824,20.775724
44.529053,38.798275,23.058462
44.899563,37.223007,23.516575
45.011585,36.774563,22.939335
44.815273,37.632698,23.239359
44.773037,37.928432,22.963015
44.969627,37.100601,23.417488
53.373711,0.931705,-0.332856
44.773037,38.029533,19.561604
44.969627,37.32412,23.496201
44.899563,37.646828,23.888857
53.728653,-0.403217,1.871947
60.167778,-28.125673,40.459991
44.955627,37.489159,23.577671
44.899563,37.791309,23.44515
53.254585,1.798958,-0.066632
44.2616,40.570984,25.201435
44.801201,38.272358,23.265364
45.05349,37.210979,23.173771
44.74485,38.556396,21.513632
44.94162,37.722893,23.342882
45.067444,37.233379,23.787325
45.025562,37.470203,23.557249
53.395325,1.482182,-1.209027
53.524734,0.935619,-1.505489
53.814156,-0.30125,2.250995
60.077988,-27.294632,41.169613
45.081394,37.36092,23.239214
45.05349,37.500896,23.39403
45.025562,37.69384,23.636393
50.628658,13.640408,20.745934
45.063957,37.626308,23.587803
47.391548,27.690319,1.810759
47.391548,27.690437,1.810855
45.081394,37.738724,23.388609
45.164955,37.393749,23.579433
45.314095,36.766254,24.487175
44.997604,38.227608,24.272371
45.164955,37.560791,23.476326
45.151043,37.712601,23.178165
44.945122,38.720181,20.759838
44.758949,39.573017,22.409124
60.62244,-28.709539,10.127534
45.276009,37.583706,23.897694
46.207523,33.580544,20.557871
44.773037,39.817226,22.966339
59.951927,-25.584404,41.409966
44.716637,40.102772,23.429531
45.137123,38.363461,22.080996
60.391327,-27.332436,37.237068
60.93137,-29.655077,9.633488
44.716637,40.241558,21.71384
60.319935,-26.971382,43.498901
45.296791,37.795795,22.248983
44.730747,40.258553,21.585794
44.87149,39.711948,25.338432
60.702118,-28.522373,7.553656
45.32793,37.76984,25.223213
44.899559,39.626335,20.866898
45.534737,36.902538,22.784449
59.960945,-25.14229,41.96917
45.314095,38.045937,23.354559
45.414268,37.658691,23.715281
44.857445,40.062405,21.715147
44.997604,39.507378,22.191137
50.757332,14.727862,21.503677
59.915833,-24.728031,41.174774
44.885529,40.063187,24.996094
59.085236,-21.093271,58.610378
60.12291,-25.401049,38.368519
59.094463,-20.960516,56.160183
45.043018,39.622589,22.522366
50.163647,17.603216,-17.137688
59.122131,-20.983437,55.392879
44.829334,40.694798,26.154762
44.87149,40.606792,23.947336
45.265617,38.938438,23.197872
59.140568,-20.820892,59.262199
59.029823,-20.339642,60.82214
45.593079,37.65839,23.452785
45.248283,39.168568,24.355015
44.885529,40.848297,24.618021
59.969959,-24.105118,39.12289
44.716637,41.650463,22.740026
58.965069,-19.250687,62.203011
59.26936,-20.560944,55.506065
59.996998,-23.66811,38.590187
44.899559,41.479801,27.159821
44.730747,42.309013,24.073851
60.746311,-26.703468,10.357752
59.361084,-20.680395,54.90921
60.11393,-23.765646,37.980831
43.988136,45.743324,23.673737
61.176739,-28.321657,37.496246
61.176739,-28.321568,37.496204
45.431507,39.545952,24.802692
59.085236,-19.289694,61.68021
45.359039,39.905666,23.929474
45.359039,39.905754,23.929356
44.927605,41.88332,26.849709
44.913586,42.028477,26.274622
59.969959,-22.846863,36.808235
50.417027,18.435682,-15.066799
59.076004,-18.828768,62.031918
59.31525,-19.784775,54.646328
60.239456,-23.733757,36.941971
47.404495,31.657207,1.61844
47.404495,31.657328,1.618461
59.17741,-19.078669,57.556789
60.355648,-24.119549,36.682838
60.355648,-24.11949,36.682804
44.94162,42.389549,26.577145
44.829334,42.897457,25.374044
45.524429,39.906815,22.660521
45.400471,40.498734,24.994703
61.141781,-26.660177,11.257139
62.877323,-33.912304,-5.22271
59.634926,-19.883308,57.40118
59.634926,-19.883308,57.401081
59.543865,-19.435497,52.918056
46.096401,38.530846,23.947065
62.868961,-33.724255,-5.994662
63.019234,-34.369724,-6.42184
51.105755,17.067816,20.432623
46.401871,37.355133,23.587177
59.287724,-18.096468,54.41658
46.123379,38.978432,23.674717
50.534767,20.136862,-12.050967
45.866165,40.348148,24.721346
59.807343,-19.738041,57.327293
63.077522,-33.740597,-3.552549
63.077522,-33.74015,-3.552639
46.36845,38.327873,22.667063
46.069405,39.717682,24.155165
63.135723,-33.773872,-7.023799
46.421906,38.469749,25.540062
46.15033,39.788517,23.014376
50.605209,20.716892,-10.157693
46.41523,38.82346,21.206083
50.838955,19.941118,15.479286
59.969959,-19.370363,48.751637
51.290112,18.088917,17.778141
46.163795,40.41777,22.590284
46.458607,39.681278,23.704124
62.860596,-30.833496,-7.561511
45.974724,42.25671,26.15855
63.010902,-31.095072,-5.854865
50.827305,21.6497,-14.418571
62.818741,-29.793686,-4.075099
62.885685,-30.026833,-7.584686
62.935822,-29.856363,-3.682602
62.935822,-29.856096,-3.682643
46.458607,41.343887,22.345318
45.33139,46.762058,23.94488
50.558262,24.314123,-7.124293
51.633087,19.723129,5.487911
65.849754,-41.461391,17.135906
62.969208,-28.907545,-7.050672
62.868961,-28.453684,-4.335227
51.290115,21.612787,-6.012924
60.060005,-15.917268,59.511719
60.060005,-15.917256,59.511612
50.850601,23.868753,-11.273953
47.222782,39.640423,23.880789
62.608803,-26.457151,-7.176141
63.019234,-28.179426,-7.809586
63.027569,-27.703461,-8.29789
62.55825,-25.676392,-7.066313
60.293129,-15.841853,59.432617
50.687206,25.652714,-3.247802
50.769001,25.38973,0.655839
47.835133,38.069309,22.399614
50.885509,25.021931,3.6153
47.417435,40.011112,24.19216
50.687206,25.921114,-3.672674
63.24358,-27.991476,-7.213717
62.977551,-26.707878,-7.244078
47.170673,41.600967,25.563288
51.047935,24.890022,9.025714
62.718109,-25.087914,-7.83356
47.623756,40.049061,24.345411
47.5723,40.522778,24.764917
47.700783,40.00211,24.350201
62.684509,-24.413879,-6.823076
62.801987,-24.811626,-9.14352
51.689911,23.202326,13.171474
48.579742,36.674446,22.534721
47.623756,41.088566,23.442972
57.016914,0.73156,0.231314
51.780636,23.386131,0.534275
57.124107,0.403779,0.222178
51.904984,22.938185,3.899427
61.089287,-16.649065,57.868229
63.127411,-25.427595,-9.17878
58.046539,-3.525021,42.995831
51.198063,26.016098,1.017671
51.541965,24.54722,9.724677
63.548969,-26.942722,-0.218998
60.257355,-12.446896,-9.260566
60.257355,-12.446758,-9.260426
62.935822,-23.784439,-8.698171
51.381916,26.204363,5.334191
52.905689,20.17458,5.665442
62.994232,-23.054096,-15.161819
49.70768,34.859726,54.114765
49.809952,34.680492,54.00798
63.019234,-22.025394,-15.994091
57.779877,0.569369,0.137098
63.811211,-25.392773,4.561655
57.837181,0.718357,0.516146
63.035896,-21.537855,-13.416221
60.948948,-12.338242,58.745937
58.065514,0.380088,0.323598
63.770351,-24.17449,5.600303
63.027569,-20.856705,-13.311865
63.384186,-22.267904,-16.285164
58.27359,-0.17394,0.562631
60.239456,-8.621399,18.694801
63.210426,-21.347866,-16.801956
60.373493,-9.041121,-9.771629
60.373489,-9.040853,-9.771657
63.160637,-21.019312,-16.713694
63.359409,-21.850452,-16.324804
63.168941,-20.919044,-15.118779
58.046539,1.182882,0.464981
63.672112,-22.656645,6.468582
63.218716,-20.53377,-16.749008
60.507057,-8.698397,15.99509
63.177242,-20.100605,-16.561815
63.193836,-19.875753,-15.956446
60.337795,-7.54275,18.307428
60.852169,-9.738184,-6.687685
63.193836,-19.7904,-14.360781
64.152809,-23.894442,5.964657
63.160637,-19.495073,-15.966379
64.435272,-24.967566,5.245753
58.648956,-0.011775,0.477719
60.515945,-7.949205,17.12059
64.120407,-23.483311,5.890668
58.583538,0.781252,0.248396
49.977715,37.94017,51.353111
60.400242,-6.830273,15.697504
50.061275,37.875839,51.369839
64.136612,-22.719421,3.767724
63.318081,-19.107048,-15.779756
58.574184,1.398493,0.652862
60.524834,-6.81941,17.629032
59.816395,-3.67042,43.792305
59.002087,-0.089244,0.965108
60.507057,-6.57367,16.30974
63.892811,-21.149197,4.631444
58.955811,0.133519,0.714696
63.474903,-19.289051,-14.081301
64.006767,-21.400127,4.911695
61.88649,-12.259735,41.74934
61.602417,-10.69253,44.759777
61.92078,-12.019363,38.258896
62.014931,-12.33586,39.305092
60.613579,-6.15074,16.414038
61.541893,-10.138509,40.525043
61.937916,-11.845445,40.300598
62.014931,-12.123996,40.403767
64.370888,-22.127905,5.731654
62.014931,-11.884862,41.140507
62.380802,-13.336641,-11.483716
62.380802,-13.336552,-11.483627
59.186619,0.456052,0.390336
61.22039,-8.293137,16.626396
61.22039,-8.292957,16.626455
64.144714,-20.817036,4.046465
61.688721,-10.228362,40.521297
61.688721,-10.228321,40.521389
61.860748,-10.803149,44.768566
61.48127,-9.042561,19.0116
61.48127,-9.042531,19.011608
49.423252,43.18121,34.867008
56.634312,12.140729,0.364744
51.128857,35.896854,57.038246
61.688721,-9.588286,44.007
61.929352,-10.558199,40.607128
59.296902,0.966163,0.462086
51.180775,35.958073,52.263851
56.762295,11.920816,0.888893
64.523636,-21.408638,1.619634
64.523636,-21.40843,1.619571
64.659813,-21.87138,4.945468
61.955044,-10.005843,40.583672
61.723186,-8.90379,40.41917
59.562099,0.4567,0.35468
61.834995,-9.231165,43.566612
62.08326,-10.264501,36.965408
50.809826,38.383499,61.422569
62.583534,-12.343284,-8.065589
61.860748,-9.062932,38.566864
61.860748,-9.062901,38.566849
61.937916,-9.328341,38.188324
59.816395,-0.090207,0.97558
61.895065,-9.016234,37.991352
62.074726,-9.293166,37.579418
50.037422,42.680801,28.206703
62.032024,-8.979323,37.382965
61.997829,-8.711558,40.371651
61.202934,-5.28228,16.541426
61.202934,-5.282161,16.541496
62.202549,-9.468149,-8.963191
62.202549,-9.46806,-8.963099
51.92754,35.076653,51.866962
46.783676,57.278339,49.358768
49.374592,46.315643,31.98053
57.693752,10.497884,30.176144
55.000164,22.407627,6.565872
59.870667,1.414608,0.437045
46.324947,59.827499,45.505112
57.240685,12.817614,1.601652
50.990017,39.760155,56.681999
58.283024,8.528453,8.373878
64.946693,-19.758181,-28.083265
51.065292,40.159676,57.216358
60.05101,1.42888,0.741699
60.551476,-0.667394,1.077107
57.260078,13.8297,0.620388
57.260078,13.82988,0.620395
64.48349,-17.265352,1.801653
64.48349,-17.265133,1.801598
51.467754,39.046726,56.623566
60.569229,0.068494,0.74324
52.258572,36.291714,56.775284
51.978245,37.721176,57.219364
51.859818,38.425926,43.558334
51.278622,40.941566,56.399986
60.355648,1.826531,69.417778
64.087975,-13.920767,-6.431227
64.104187,-13.777676,-6.020433
51.255623,41.681393,52.987293
64.063629,-13.271614,-5.535701
51.496315,40.923615,50.700367
51.336044,41.654499,52.876324
51.4506,41.28022,52.641716
64.378937,-14.422387,-8.625369
65.01017,-16.927208,63.030132
64.104187,-12.945864,-5.364041
61.185474,-0.335592,0.943573
61.080528,0.130466,63.935825
64.055511,-12.553768,-5.576959
63.729446,-11.02553,-5.288621
60.462589,3.0622,68.327385
56.919193,18.464613,60.690044
50.850601,44.732555,59.576252
64.225632,-12.870156,-6.938132
61.12429,0.507838,2.114347
60.966518,1.198919,0.585929
60.560356,3.015314,67.951347
60.551476,3.084808,67.820679
61.394508,-0.548111,1.277802
60.852169,1.789563,65.587479
50.97842,44.430157,62.538162
56.077782,22.58659,6.715023
61.324955,-0.026105,2.377341
61.194206,0.547476,-0.971859
61.385818,-0.211296,2.085141
61.229115,0.506952,1.28481
64.41114,-13.198202,-8.796221
64.079857,-11.668858,-4.97373
61.159264,0.971863,1.755302
64.185196,-11.907426,-6.985126
61.541893,-0.503716,1.077227
61.316254,0.500816,0.336991
61.403194,0.206245,-1.549228
61.071774,1.68807,-0.302554
61.272709,0.829348,-0.950363
61.12429,1.47093,-0.570413
60.719803,3.220895,66.287918
61.316254,0.657785,-1.694917
61.12429,1.496262,1.11112
61.202938,1.2229,1.126646
61.133038,1.558066,0.90555
61.237839,1.132998,0.562813
64.225632,-11.698687,-6.326791
61.246559,1.160342,-1.442734
61.229115,1.357063,0.07284
61.202938,1.501194,0.748724
64.233719,-11.533608,-6.239874
61.48127,0.340969,-1.262825
61.246559,1.448591,0.676258
61.316254,1.209635,63.18351
61.133038,2.045882,62.709343
60.834545,3.332841,64.806023
61.281422,1.498244,-0.867983
64.306389,-11.532928,-6.691082
61.394508,1.028223,67.199242
52.331081,40.095707,54.779003
64.274109,-11.373306,-6.155379
51.547668,43.522007,56.055313
61.351051,1.271677,1.449992
50.487717,48.119617,32.846394
50.487717,48.119705,32.846241
66.320786,-20.08313,-28.516874
51.916264,42.040627,55.536186
62.414665,-3.21093,-7.544514
60.984081,3.003369,64.893974
52.297634,40.631897,55.162148
61.585136,0.716985,1.89157
51.02478,46.274822,54.998863
60.992859,3.345058,-3.664573
61.403194,1.585109,0.534997
61.515923,1.155699,-0.76349
61.255276,2.527619,-5.153812
61.437916,1.748428,0.211585
61.342354,2.210809,0.646026
62.057652,-0.772814,66.306541
61.12429,3.2893,-3.351414
61.185471,3.173256,-3.735194
51.007404,47.062946,50.467876
61.176739,3.33589,-3.20761
61.429237,2.249264,-4.950772
62.751682,-3.413616,37.616737
62.751682,-3.413557,37.616673
61.972164,0.004307,0.847712
61.03672,4.063219,-3.498565
62.709713,-3.14459,-7.358476
61.063011,4.026366,-3.667761
62.159988,-0.67117,1.293516
51.370453,45.849808,56.65136
62.125904,-0.405289,-2.342622
61.834995,0.848636,69.878326
56.752464,22.756124,-13.460519
62.125904,-0.40505,-2.342728
61.437916,2.601669,-4.022298
61.671474,1.627157,0.588297
61.576488,2.079371,-0.70127
62.827114,-3.311154,34.454937
63.060875,-4.211016,-9.062131
51.28437,46.570473,52.928108
61.895065,0.939231,-1.915493
63.119102,-4.259536,-5.963089
61.524582,2.620631,-4.756463
61.307549,3.587627,-4.438084
62.134426,0.053322,-0.160622
49.713703,53.599739,39.420212
61.290131,3.72081,-5.37895
62.60038,-1.832401,-9.797555
61.22039,4.195497,-4.601471
62.423126,-0.949933,63.009583
62.642467,-1.887991,-9.470188
61.168003,4.525968,-4.202901
61.080532,4.942229,-5.262722
62.969208,-3.033188,-8.750277
62.296021,-0.114694,0.009315
63.185539,-3.937169,-8.490066
62.625641,-1.513702,42.022945
62.423126,-0.524982,37.594749
62.977551,-2.837946,-8.948474
61.559196,3.339516,-6.776796
61.185471,4.987442,-4.983339
62.117382,1.150388,0.686063
63.433693,-4.418618,-8.409433
63.433693,-4.418558,-8.409455
61.307549,4.747891,-4.410728
62.448498,-0.001586,0.164428
62.074726,1.631322,-3.481141
62.431583,0.175831,0.188924
62.54982,-0.262958,-0.119506
61.636963,3.671946,-4.910094
62.507633,0.002112,0.242606
62.4823,0.132802,0.020196
61.403194,4.794819,-4.312512
62.541386,-0.079079,0.022045
62.185528,1.460855,-3.225069
62.185528,1.460974,-3.22484
62.499191,0.170563,0.071956
63.251865,-3.020112,2.407461
62.524513,0.132874,0.020214
62.499191,0.306014,0.539054
52.663761,42.720638,61.836685
62.54982,0.123786,-0.175155
62.583534,0.028763,0.060222
62.625641,-0.134033,0.348298
52.553226,43.285896,27.890947
62.066189,2.320217,66.108971
62.583534,0.134799,0.059312
62.650879,-0.041304,0.073914
62.617222,0.109172,-0.488207
62.676105,-0.125571,1.077713
62.55825,0.398345,0.422039
63.002563,-1.49278,-8.610412
62.583534,0.353876,0.2139
62.617222,0.215775,0.280331
62.634056,0.170875,0.072071
62.634056,0.172663,0.111184
63.309811,-2.734236,-8.752265
62.701313,-0.078866,-0.016986
63.177242,-2.124738,-9.15677
62.642467,0.233815,-0.098083
62.304508,1.713433,65.682297
62.575108,0.584603,-0.166429
63.400696,-2.929617,-7.231156
62.566681,0.687385,-0.245693
61.62833,4.780815,-5.143895
51.712616,47.533688,46.835049
51.882408,46.841766,55.605648
63.284985,-2.283503,-9.704954
62.734901,0.167429,-0.006163
61.662849,4.822494,-5.12297
62.79361,0.07135,-0.54122
62.776844,0.203575,0.006585
63.284985,-1.954426,-10.306618
62.236565,2.616369,-4.926349
62.236565,2.616548,-4.926463
63.218716,-1.601357,-8.471242
62.751682,0.424804,0.200709
62.885685,-0.020382,-0.22689
62.726505,0.667746,0.094038
62.74329,0.651192,-0.298205
63.622902,-3.118078,-7.618194
62.852226,0.225421,0.477254
62.801987,0.445454,-0.139447
62.776844,0.700022,20.099669
62.952515,-0.033943,0.23119
62.960861,-0.060565,0.41464
63.060875,-0.355578,0.194846
62.860596,0.531629,0.200109
62.902405,0.353535,0.175499
62.211056,3.334256,19.698187
63.002567,-0.032089,0.270603
62.969208,0.177059,0.190218
62.935822,0.344833,-0.020841
62.600384,1.883252,20.960041
63.900963,-3.666717,-7.656416
50.745651,53.057079,38.648331
62.952515,0.442805,-0.218326
62.969208,0.442896,-0.218374
62.270554,3.538615,20.862604
63.102474,-0.035897,0.192314
63.069199,0.162267,0.452274
62.363861,3.294644,20.560375
63.102474,0.292882,0.386431
63.729446,-2.227545,-7.486834
63.819378,-2.540444,-6.947419
63.027569,0.988338,19.544111
63.019234,1.03901,0.222043
62.776844,2.245719,18.294903
62.709713,2.680185,18.408548
63.002567,1.454868,18.685389
63.010902,1.584933,0.612094
51.473465,51.351944,36.877319
51.473465,51.352066,36.877335
63.540749,-0.267612,1.116719
63.532524,-0.170763,0.918495
53.156815,44.695847,56.706951
63.384186,0.691776,0.331423
62.835487,3.256578,19.197802
63.565411,0.217747,0.863668
63.351151,1.514147,0.43042
62.228065,7.011757,9.265014
62.346912,6.859908,8.970544
62.296021,7.139699,10.485916
62.363861,7.068036,7.741027
63.786701,1.099438,0.59516
61.7318,10.148634,27.097399
63.900963,0.881475,0.478138
54.027004,43.49295,47.316589
63.998638,0.519966,0.388502
62.04911,9.130648,29.651943
61.714573,10.628077,31.698782
61.826405,10.219472,31.749331
61.826405,10.219741,31.749168
61.997829,9.50383,8.218794
52.062588,52.378605,32.865681
64.112297,0.484171,0.376044
62.4823,7.613036,9.372973
53.931381,44.543896,48.896751
64.314461,-0.04561,-0.044272
62.431583,8.088556,8.89526
62.321476,8.603728,10.723514
62.304508,8.696922,28.017298
62.608803,7.593384,10.5107
68.780228,-18.95849,-25.105896
62.810368,6.796015,10.024079
62.228065,9.337888,27.500385
62.338436,8.891768,28.800947
54.154095,44.178787,47.29694
62.117382,9.921897,30.698711
64.314461,0.45935,0.603762
64.290253,0.565361,0.562838
62.389271,8.983809,27.163689
54.175232,44.48217,47.60342
62.168503,10.465078,29.888308
54.22802,44.77832,47.606525
62.423126,9.622292,9.302359
61.602417,13.196148,31.410618
61.602417,13.196177,31.410522
53.984539,46.073296,50.417065
62.54982,9.185242,10.755328
62.168503,11.019789,28.621765
62.751682,8.552464,7.049637
51.467751,57.243237,45.680168
62.516075,9.693719,8.869917
61.989277,12.008325,30.260452
62.194042,11.426481,29.68453
62.423126,10.524557,27.86212
64.763649,0.456606,0.486569
61.77483,13.395668,31.494917
54.175232,46.229359,49.660862
62.667698,9.62562,9.325429
62.296021,11.39535,29.334805
54.396408,45.605453,47.751476
62.709713,9.871455,8.832256
62.709713,9.871574,8.832197
51.244118,59.328182,41.382378
54.343872,46.326199,48.689896
54.364895,46.252567,49.2738
54.4174,46.147171,48.369045
62.312992,12.260613,31.20022
54.657913,45.663181,46.982784
54.543091,46.201389,47.97047
65.826447,-1.697951,5.454526
65.826447,-1.626604,5.562673
58.480507,30.393116,-0.180173
61.02795,19.554853,65.394859
61.02795,19.555092,65.395012
54.532631,47.70937,49.415211
61.255276,19.072248,60.996246
61.255276,19.072248,60.996067
65.787575,-0.392725,1.412608
60.684425,21.671885,-15.296847
68.409431,-11.552015,-4.972911
71.001717,-22.70315,1.055757
61.394508,19.109142,60.998608
60.293129,23.880619,-12.667847
60.302063,23.901823,-12.794154
66.960732,-4.706641,5.623862
61.602417,18.506922,62.532722
61.619694,18.479187,59.492844
61.411877,19.422462,65.299904
60.373493,23.971628,-14.411986
61.550545,18.96542,-12.428081
60.444786,23.85589,-12.717434
66.76371,-3.188375,3.504724
66.76371,-3.188196,3.504646
54.886444,48.006958,49.12093
66.76371,-3.188146,3.504445
54.886444,48.007195,49.120907
66.336136,-1.238303,45.809147
60.560356,23.753618,-13.089938
55.522694,45.51041,56.454082
61.800625,18.564619,60.477486
60.595844,23.758535,-13.054231
61.783432,18.642792,63.577576
60.957733,22.270672,-13.737035
60.657875,23.613691,-14.83318
71.221123,-21.468981,-0.680605
61.550545,20.279184,67.85791
60.940159,22.91696,-13.167384
70.573441,-18.557749,-0.514448
61.411877,20.96648,-13.050227
60.595844,24.491076,-14.879472
68.314392,-8.750665,-10.911943
60.586975,24.743639,-15.280836
71.25531,-21.187243,1.447995
55.51252,46.674259,51.42992
55.51252,46.674351,51.430099
60.825729,23.887295,-15.057979
61.611057,20.526964,-12.718345
70.843338,-19.24361,1.885674
62.006382,18.93379,57.921841
60.62244,25.04315,-11.965741
61.645592,20.759163,59.124725
70.850235,-18.903822,2.844337
70.994843,-19.411667,1.380275
67.171867,-2.920039,4.982064
61.671474,20.788679,63.073536
67.171867,-2.91989,4.982072
71.534607,-21.712143,-1.081941
67.186905,-2.95006,3.583408
67.186905,-2.94994,3.58331
67.19442,-2.912872,3.850826
61.176739,23.052271,65.014091
70.981094,-19.186682,4.152326
71.398582,-20.804569,-1.116537
56.673737,42.677818,57.724091
61.089287,23.645374,69.444633
71.364517,-20.53879,1.088389
67.22448,-2.59114,2.376471
67.216965,-2.489731,2.575977
71.138977,-19.391445,0.859558
60.746311,25.423386,-16.087402
71.015465,-18.772522,-25.778711
54.969185,50.406116,37.426968
71.58889,-21.204393,0.239026
67.051346,-1.637382,3.514867
67.051346,-1.637362,3.425857
67.051346,-1.637203,3.425771
60.904987,24.932285,-14.648761
69.054413,-10.098322,-8.961778
69.054413,-10.098262,-8.96159
61.115543,24.276516,7.323507
61.001637,24.796438,-13.834193
70.864029,-17.594755,1.534497
60.7728,25.921865,-12.678298
71.622795,-20.832075,-0.994934
71.7108,-21.133921,-0.813583
67.22448,-1.693017,3.053566
71.412209,-19.717726,-2.099492
71.090988,-18.228727,0.685333
61.089287,25.01026,-12.811135
61.834995,21.864727,60.871777
55.041424,51.199062,35.23859
55.041424,51.199245,35.238541
67.426811,-2.186042,3.996931
60.922577,25.900261,-12.727738
60.781628,26.628914,-14.850884
70.168915,-13.799253,-0.421406
55.113514,51.163227,38.091148
55.113518,51.163486,38.091103
71.063538,-17.569584,2.338595
71.214287,-18.133331,-0.36693
63.581844,14.799252,0.778927
61.826405,22.45425,68.473656
60.869781,26.586149,-14.892367
60.966518,26.197327,-13.530338
55.277752,50.730179,35.191422
61.877911,22.367519,68.528969
61.089287,25.883974,-12.780062
62.014931,22.000708,61.889629
71.663437,-19.359089,0.406003
68.707779,-6.609959,-11.113772
61.463936,24.613506,-14.245343
63.762173,14.707316,0.650715
68.707779,-6.609661,-11.113789
71.656662,-19.318157,-1.6516
70.829529,-15.738812,2.106069
61.080532,26.431522,-12.4114
61.429237,25.036209,-14.214004
61.429237,25.036417,-14.214139
71.636345,-18.940004,-1.809015
71.724319,-19.315683,1.709486
61.12429,26.38133,-12.485559
68.438637,-5.142468,36.781723
61.237839,25.929693,-10.878376
71.084129,-16.117289,0.823676
71.8526,-19.414932,-0.692602
60.9753,27.481886,-12.960153
67.747025,-1.616042,3.214952
60.984081,27.571836,-13.021624
55.277748,52.267059,39.040306
71.940147,-19.51421,-1.306299
71.731087,-18.592171,-1.578217
71.227966,-16.388208,2.159288
71.676971,-18.260988,-1.595028
61.585136,25.657118,-8.950221
63.524296,17.60363,2.163981
62.65929,21.337734,18.506025
62.473854,22.156172,19.477016
71.825623,-18.096888,-0.984842
71.825623,-18.089138,-0.94298
62.473854,22.286348,19.731054
62.270554,23.242689,19.782455
71.764877,-17.671333,-1.366045
71.805382,-17.72995,-1.422109
55.390224,53.03595,36.99762
71.832367,-17.775043,-1.198154
62.380802,23.174095,18.426128
68.845329,-4.656554,71.417603
68.845329,-4.656554,71.417511
68.845329,-4.656394,71.417595
55.400433,53.396667,53.778988
72.221809,-19.109219,0.68534
55.400433,53.396729,53.778835
64.274109,15.276686,7.024458
71.893028,-17.530643,-1.117773
67.946846,-0.514272,41.947853
72.839188,-21.568192,-1.059623
71.91996,-17.603411,-0.8233
62.642467,22.387699,16.799746
71.893028,-17.469995,-0.782333
71.926689,-17.613472,-1.537853
55.195728,54.649334,39.360844
72.408592,-19.506802,-1.160124
64.611809,14.107259,5.037112
68.765747,-3.787609,43.533478
62.304508,24.080732,17.401604
68.40213,-2.106821,36.175941
68.40213,-2.106791,36.175774
55.369801,54.100452,37.638294
55.236763,54.707752,39.182182
71.214287,-14.126379,2.68132
72.047661,-17.635418,-0.193706
62.406204,23.957041,19.914648
71.609238,-15.665607,1.761258
64.395035,15.433628,3.624298
64.395042,15.433697,3.624419
64.619812,14.481673,5.832911
62.211056,24.962439,20.32375
62.245064,24.972042,17.693741
62.100323,25.615082,19.984756
72.401939,-18.520184,1.481282
72.034233,-16.919209,-1.154695
71.906487,-16.351366,-2.213495
71.993935,-16.722622,-1.690373
62.219559,25.48102,19.126387
64.906975,13.932343,4.705934
64.451347,15.930347,6.530123
72.027527,-16.687149,-0.524897
64.906975,14.092083,5.627074
55.54303,54.492077,39.5331
62.650879,23.870768,31.616688
71.852592,-15.774154,2.068496
71.832367,-15.586888,-1.094851
68.460518,-0.986367,71.334984
62.448498,25.025183,18.102551
64.378937,16.738028,6.616297
68.700531,-1.879445,43.974289
69.205185,-4.003218,42.75396
68.241142,0.159164,36.441071
70.691292,-10.177248,44.336166
65.144722,13.863874,3.47624
64.739708,15.750381,4.382495
68.555229,-0.468977,44.42157
64.675804,16.25712,2.521043
68.116318,1.500344,59.80759
64.803513,15.873413,4.246812
63.11079,23.186617,30.492218
70.795013,-9.924723,42.496162
68.787468,-1.091324,44.192535
64.571754,17.28174,5.935281
62.877323,24.639366,7.403552
72.188377,-15.346027,-1.485301
61.62833,30.363129,31.302296
68.460526,1.134854,35.779842
63.052551,24.681379,33.483528
71.063538,-9.834064,45.700779
69.233841,-1.714781,48.1693
64.79554,17.721302,4.546868
70.939812,-8.657349,46.254623
64.627815,18.870457,3.753606
68.765747,1.132695,71.996552
69.262474,-0.889665,42.857716
71.180069,-8.981453,43.858223
69.269638,-0.6472,79.116127
63.010902,26.385323,34.712925
69.40538,-0.928324,43.544308
69.526474,-0.881797,44.1367
71.138977,-7.677126,41.475903
71.758118,-10.273877,45.622677
70.967339,-6.65714,45.820759
70.252922,-3.53772,48.603973
67.247009,9.793412,3.016923
63.085842,27.729509,33.920765
71.323593,-7.72959,47.694462
69.604645,-0.045625,72.286209
63.019234,28.453362,36.655945
71.282639,-7.052512,44.795494
67.998497,7.232209,6.993329
70.196938,-2.145281,44.834465
62.743294,30.003965,37.053318
70.203941,-2.140631,43.501633
70.594261,-3.690391,47.40477
71.636337,-8.132483,46.650795
62.380802,31.832623,-0.540208
68.108963,7.174581,6.974849
67.119179,11.601578,4.027864
67.119179,11.601607,4.027749
62.380802,32.378571,-0.147722
63.408951,28.065464,36.592178
62.919117,30.627777,36.854412
67.494034,10.915003,2.071877
71.58889,-6.200951,45.611439
74.7239,-19.641907,4.80356
70.217941,-0.088891,-0.061784
62.465405,33.340954,30.142002
70.864029,-2.856971,45.588413
63.144028,30.419266,33.830147
71.663429,-6.113766,46.212288
71.104706,-3.401385,44.383648
62.185532,35.070633,2.955312
62.185532,35.070721,2.955289
63.326351,30.250778,36.83897
66.710503,15.756843,34.626713
67.314522,13.375117,1.910642
63.235294,30.994423,34.762001
71.077263,-2.763619,42.541149
70.815727,-1.393984,43.397396
71.47345,-3.746199,45.188206
68.41674,9.540333,6.098622
71.500641,-3.582546,43.627548
68.540672,9.478486,6.070015
68.540672,9.478486,6.069971
64.555717,26.843702,31.382639
71.398582,-2.6436,46.13401
68.577057,10.293497,8.542368
71.859337,-3.832097,49.021439
71.825623,-3.614798,4.224699
68.598877,10.324798,8.514065
72.221817,-5.023428,45.402843
64.531654,28.136015,35.975761
68.874229,10.446022,6.517792
64.627815,29.059553,26.65591
69.032829,10.134535,8.061081
63.941689,32.329018,33.111778
66.389832,21.836231,65.072273
71.886292,-1.73426,42.661289
75.872429,-18.54261,1.561702
71.227966,1.615196,62.209904
62.490746,39.537289,2.165486
62.490749,39.537548,2.165647
64.579765,30.533854,35.540939
64.611809,30.411116,32.945335
66.603889,21.900915,-12.568662
64.6838,30.405853,33.980846
64.395042,31.973896,33.94614
64.675804,30.764235,35.35297
64.322525,32.440899,34.505249
64.459389,32.080742,36.879532
65.121017,29.257523,34.242176
64.241798,33.21701,-1.621403
64.667816,31.456507,33.98457
64.160919,33.677383,35.706707
64.667809,31.533775,33.74765
65.026024,30.09618,35.007328
65.451736,28.471462,33.782463
65.810898,27.048811,36.836468
64.241798,33.919125,31.686405
65.057709,30.665947,39.804905
72.195068,-0.097323,-0.194733
65.561386,28.673454,34.269928
65.981567,26.952259,36.634029
65.200005,30.516371,37.189526
65.483093,29.370676,34.545959
64.946693,32.019928,35.7757
65.795349,28.472292,38.988216
64.475456,34.248322,35.278191
65.459579,30.06686,33.467705
70.490051,8.413617,11.093225
64.986382,32.153748,35.099213
65.113106,31.658255,38.135792
65.96608,28.381781,38.781651
74.537041,-8.549176,76.036232
65.935089,28.613585,37.884537
64.843338,33.642212,34.354042
65.592659,30.518431,37.095493
65.388947,31.454832,35.579201
74.730225,-8.630614,79.147003
65.381096,31.899908,34.907112
74.717583,-8.11907,74.865402
65.192108,33.297691,35.429081
72.074501,3.854013,67.077484
72.074493,3.854826,67.077576
66.097527,29.908379,40.428902
71.029205,9.000785,6.955329
74.969765,-7.633768,83.930573
66.236244,30.058823,39.301487
74.884811,-7.138892,71.03344
65.709724,32.956566,37.345135
74.413094,-4.507824,42.181534
65.490929,34.15789,38.267532
74.27285,-3.521164,42.806984
65.787575,33.375114,37.916954
65.215782,35.866936,37.121666
66.481705,30.508141,42.480831
65.880806,33.342068,40.743328
65.443893,35.442749,37.130245
74.221741,-2.38332,41.431679
74.508461,-3.492687,43.69825
74.64798,-3.817789,81.958221
74.64798,-3.817789,81.957649
69.448158,19.048836,64.801262
74.736542,-3.613302,81.708183
69.633034,18.968876,64.937149
69.633034,18.968994,64.93734
66.089806,34.973812,39.371635
74.505287,-1.220338,88.56012
74.711258,-1.754081,51.539986
75.208054,-3.781472,78.674438
69.312546,21.833036,64.167267
74.578278,-0.806159,1.356266
74.578278,-0.80601,1.356223
75.170509,-3.340276,41.118469
74.470337,-0.246026,89.167061
75.426437,-3.858319,42.607803
75.220566,-2.796027,41.841209
73.971764,3.274957,65.596619
75.05143,-1.030228,80.005669
75.05143,-1.030198,80.00602
74.994911,-0.786576,84.732765
74.196167,2.684765,0.511127
75.930954,-4.588816,70.353233
69.426773,23.786797,62.873615
75.139206,-0.779157,44.417885
75.151733,-0.832554,84.860275
75.151733,-0.832315,84.860237
75.513496,-2.356072,70.961365
74.673302,1.267196,78.572609
75.095337,-0.532285,84.384766
69.519356,23.559267,62.963558
75.126678,-0.581406,82.247658
74.887962,0.708452,88.835701
75.226814,-0.613726,82.287331
75.226814,-0.613697,82.287521
75.226814,-0.613637,82.287811
74.894257,1.445865,-1.516416
75.782959,-2.381584,91.524902
74.31752,4.167695,67.094818
74.862755,1.829889,91.94841
74.755493,2.384851,3.487024
76.265259,-4.122745,84.881577
74.969765,1.557358,86.374077
75.067116,1.185844,87.234528
75.482422,1.127596,73.796715
76.533401,-2.798481,53.757591
75.045151,3.712638,68.159973
75.696411,0.931473,76.551453
75.625191,3.199141,67.709763
75.718063,2.945673,85.177544
76.472595,-0.238812,-0.433428
69.958183,28.577225,9.204361
80.714317,-14.808762,-15.762481
80.842087,-15.135607,-14.950822
80.842087,-14.662375,-13.81298
80.547157,-13.376632,-14.841566
80.941849,-14.838901,-15.155063
80.424202,-12.53873,-13.491047
81.046928,-15.207978,-14.62694
80.256027,-11.731208,-15.452349
81.096619,-15.314735,-14.341339
80.79213,-13.47356,-15.95735
80.930771,-13.93081,-13.386839
81.046928,-14.215353,-16.424664
80.591789,-11.642778,-14.914344
80.819893,-11.41637,-14.506924
78.25721,-0.145334,-0.177084
79.139091,-3.735924,85.251396
71.616013,29.325998,9.574788
79.110336,-2.900168,53.850086
76.038559,11.430151,35.647366
76.038559,11.430181,35.647598
75.866257,14.246047,34.876385
75.866257,14.246315,34.876354
79.579659,0.087818,0.230697
80.286339,-2.830494,42.172325
80.353638,-1.241197,48.508896
80.353638,-1.240973,48.508858
75.779869,20.183804,40.947208
80.286346,1.241665,47.731892
80.286339,1.241755,47.732159
80.805466,-0.504445,59.441711
82.049713,-3.953941,43.879051
82.324951,-4.398858,44.314445
82.217201,-3.9041,46.465809
81.538322,-0.138157,0.059486
82.838913,-4.949241,45.06913
82.871925,-3.983178,-8.774618
82.733345,-2.779744,-8.481234
83.105553,-4.162029,-7.933704
82.797356,-2.719991,-8.274137
83.247322,-4.40695,44.697357
82.893204,-2.798478,-8.016465
83.986595,-7.07474,47.7943
83.142624,-3.382164,-8.847998
83.553795,-4.856949,-9.292874
83.431854,-4.192916,46.389454
83.385521,-3.663638,-8.713345
83.730927,-4.788652,45.390114
83.620949,-4.067536,47.059071
84.02301,-5.473374,46.072578
83.648201,-3.823196,-8.832006
84.220238,-6.195213,47.177876
83.59053,-3.375802,-8.589745
83.98243,-4.979783,-8.831285
84.474464,-5.544429,-8.460266
84.730469,-5.735581,46.802689
83.568497,-0.016315,60.222904
84.63295,-4.435321,47.322914
85.342087,-6.53405,47.917694
84.945381,-3.791821,47.958111
85.760841,-7.10428,48.483116
84.596977,-1.677999,1.407489
84.596977,-1.677641,1.40765
84.303055,1.53534,2.092862
84.375404,1.316931,2.251513
84.230606,2.220858,0.69211
84.230606,2.220977,0.69211
86.518898,-7.280407,45.78693
86.538696,-7.183772,45.638023
86.637573,-7.45829,46.00811
86.553543,-7.063542,45.282799
86.617813,-7.230602,45.592922
86.588158,-7.086574,46.106335
86.588158,-7.029622,45.867676
86.583214,-6.909454,46.05006
86.696808,-7.394817,45.967346
86.746117,-7.492616,46.204777
86.632637,-6.902028,46.243908
86.578278,-6.664305,45.926384
86.672134,-7.051656,48.489632
86.538696,-6.474298,46.026039
86.711609,-7.209749,47.192104
86.736259,-7.270064,46.284256
86.706673,-7.091123,46.216839
86.637573,-6.779184,46.488831
86.765831,-7.256606,45.977787
86.701744,-6.929829,46.480812
86.736259,-7.067766,46.631584
86.844597,-7.401752,46.090698
86.834755,-7.295468,46.042347
86.829834,-7.261144,46.006428
86.765831,-6.928959,46.017548
86.824913,-7.167195,46.337563
86.8741,-7.271618,45.911854
86.736259,-6.674554,45.997116
86.686943,-6.439909,45.624771
86.834755,-7.039258,46.092392
86.765831,-6.72681,46.364475
86.22599,-4.318323,48.25116
86.883934,-7.126414,46.502552
86.819992,-6.848373,45.654755
86.908508,-7.22166,46.179672
86.726402,-6.404119,46.272121
86.800301,-6.702139,46.231476
86.716537,-6.298257,45.617359
86.79538,-6.580777,45.260353
86.879021,-6.904219,46.584698
86.161224,-3.682297,48.808926
86.883934,-6.789946,46.107258
86.898674,-6.790941,46.113861
86.898674,-6.620412,45.94495
86.780609,-6.110745,45.820366
86.996864,-7.041697,45.730438
86.977242,-6.894741,46.307915
87.021378,-6.960626,45.902729
86.844597,-6.15077,42.81572
87.143791,-7.264488,49.269188
86.731331,-5.263799,43.406311
86.869186,-5.752945,52.251942
86.957611,-6.088197,52.70649
87.207329,-7.147621,46.097378
87.168236,-6.876986,46.302402
86.627693,-4.505845,43.222855
87.197563,-6.889732,46.143147
86.942886,-5.772712,47.495819
86.834755,-5.260864,49.538395
86.996864,-5.829517,44.7155
87.080177,-6.021064,49.476093
86.39003,-2.954801,48.862797
86.39003,-2.954652,48.862671
87.060585,-5.84185,50.910049
86.78553,-4.652411,44.627392
86.972336,-5.456726,44.823627
86.942886,-5.30717,51.441093
87.021385,-5.284764,50.634026
86.977242,-4.91089,50.231388
86.996864,-4.986082,46.125114
86.879021,-4.389856,44.888504
86.854431,-4.278666,47.00975
86.84951,-3.888271,45.409863
87.109543,-4.731218,49.047199
87.036087,-4.321931,49.968403
86.903587,-3.660976,49.424835
87.881874,-7.838681,49.903168
86.918327,-3.474162,46.5438
87.031181,-3.92422,47.83239
86.736259,-2.602544,2.320671
87.143791,-4.211359,48.723194
86.972336,-3.405134,45.771137
87.089966,-3.823636,48.495327
87.930069,-6.99113,49.122559
87.23175,-3.900815,47.715088
87.785362,-4.384179,48.987194
88.304436,-3.915141,49.613735
88.695129,-4.68992,49.183746
89.435135,-7.567106,50.443893
89.794304,-7.220405,50.10902
89.495949,-5.256212,49.27224
89.896469,-6.907967,49.961231
88.638138,-0.896841,-0.709212
88.969727,-2.276175,2.262651
89.233498,-3.246892,1.822214
90.016968,-6.537256,48.306755
89.92894,-6.048702,48.919006
90.234093,-7.152112,48.311054
89.952118,-5.269704,48.970028
89.89183,-4.38579,49.51339
90.670273,-7.540106,51.110573
89.649994,-3.081164,3.11479
89.528664,-2.067738,0.463302
90.852867,-7.076853,48.666359
91.157318,-7.911195,48.407284
90.802719,-6.232387,48.947273
89.924301,-1.816212,2.45599
91.410461,-7.502476,51.113781
90.711411,-2.028047,3.125919
90.68856,-1.907585,2.755523
90.752518,-1.865089,2.553054
90.802719,-2.08146,1.455719
90.578743,-1.098153,1.95776
90.67942,-1.516574,1.292202
90.67485,-1.315188,2.348145
90.861977,-1.469924,3.023164
90.866539,-0.727788,0.900608
91.071152,-1.364467,3.276232
91.189026,-1.828244,3.475249
91.152786,-1.641874,0.05963
90.925728,-0.538932,-0.905779
91.075691,-1.042527,0.426399
91.098381,-0.745106,1.522774
90.519165,1.783216,1.714251
90.560417,1.66733,1.81549
91.284042,-1.279252,-0.333846
91.378883,-1.521533,-0.314125
91.216194,-0.800243,1.400647
90.975761,0.24899,5.020704
91.944473,-3.22845,2.685541
92.198402,-2.738364,2.975188
92.287216,-2.799655,1.283729
92.420166,-2.623296,2.606
92.759918,-2.185381,1.195739
91.698318,2.784125,2.992569
91.801392,3.405747,4.090535
